"coicop","var_de","var_en"
"CP01","Nahrungsmittel und alkoholfreie Getränke","Food and non-alcoholic beverages"
"CP011","Nahrungsmittel","Food"
"CP0111","Getreideerzeugnisse und Getreideerzeugnisse","Cereals and cereal products"
"CP01111","Getreideerzeugnisse","Cereals"
"CP01112","Getreidemehl","Flour of cereals"
"CP01113","Brot und Feingebäck","Bread and bakery products"
"CP011131","Brot","Bread"
"CP011139","Feingebäck","Other bakery products"
"CP01114","Frühstücksflocken","Breakfast cereals"
"CP01115","Makkaroni, Nudeln, Couscous und ähnliche Teigwaren","Macaroni, noodles, couscous and similar pasta products"
"CP01119","Sonstiges gemahlenes Getreide und Getreideprodukte","Other milled cereal and grain products"
"CP0112","Lebende Tiere sowie Fleisch und andere Teile von geschlachteten Landtieren","Live animals, and meat and other parts of slaughtered land animals"
"CP01121","Lebende Landtiere","Live land animals"
"CP01122","Fleisch, frisch, gekühlt oder gefroren","Meat, fresh, chilled or frozen"
"CP011221","Fleisch von Rindern, frisch, gekühlt oder gefroren","Meat of bovine animals, fresh, chilled or frozen"
"CP011222","Fleisch von Schweinen, frisch, gekühlt oder gefroren","Meat of pigs, fresh, chilled or frozen"
"CP011223","Fleisch von Ziegen, Lämmern und Schafen, frisch, gekühlt oder gefroren","Meat of goats, lambs and sheep, fresh, chilled or frozen"
"CP011224","Geflügelfleisch, frisch, gekühlt oder gefroren","Meat of poultry, fresh, chilled or frozen"
"CP011225","Fleisch von Hasen und Kaninchen, frisch, gekühlt oder gefroren","Meat of hares and rabbits, fresh, chilled or frozen"
"CP011226","Fleisch von Pferden und anderen Equiden, frisch, gekühlt oder gefroren","Meat of horses and other equines, fresh, chilled or frozen"
"CP011227","Fleisch von Kamelen und Kamelen, frisch, gekühlt oder gefroren","Meat of camels and camelids, fresh, chilled or frozen"
"CP011229","Sonstiges Fleisch, frisch, gekühlt oder gefroren","Other meat, fresh, chilled or frozen"
"CP01123","Fleisch, getrocknet, gesalzen, in Salzlake oder geräuchert","Meat, dried, salted, in brine or smoked"
"CP01124","Schlachtnebenerzeugnisse, Blut und andere Teile von geschlachteten Tieren, frisch, gekühlt oder gefroren, getrocknet, gesalzen, in Salzlake oder geräuchert","Offal, blood and other parts of slaughtered animals, fresh, chilled or frozen, dried, salted, in brine or smoked"
"CP01125","Zubereitungen aus Fleisch, Schlachtnebenerzeugnissen, Blut und anderen Teilen geschlachteter Tiere","Preparations of meat, offal, blood and other parts of slaughtered animals"
"CP0113","Fisch und anderes Meeresfrüchte","Fish and other seafood"
"CP01131","Fisch, lebend, frisch, gekühlt oder gefroren","Fish, live, fresh, chilled or frozen"
"CP01132","Fisch, getrocknet, gesalzen, in Salzlake oder geräuchert","Fish, dried, salted, in brine or smoked"
"CP01133","Fischzubereitungen","Fish preparations"
"CP01134","Sonstige Meeresfrüchte, lebend, frisch, gekühlt oder gefroren","Other seafood, live, fresh, chilled or frozen"
"CP01135","Sonstige Meeresfrüchte, getrocknet, gesalzen, in Salzlake oder geräuchert","Other seafood, dried, salted, in brine or smoked"
"CP01136","Sonstige Meeresfrüchtezubereitungen","Other seafood preparations"
"CP01137","Lebern, Eier und andere Innereien von Fisch und anderen Meeresfrüchten in allen Formen","Livers, roes and other offal of fish and of other seafood in all forms"
"CP0114","Milch, sonstige Milchprodukte und Eier","Milk, other dairy products and eggs"
"CP01141","Roh- und Vollmilch","Raw and whole milk"
"CP01142","Magermilch","Skimmed milk"
"CP01143","Sonstige Milch und Sahne","Other milk and cream"
"CP01144","Nichttierische Milch","Non-animal milk"
"CP01145","Käse","Cheese"
"CP01146","Joghurt und ähnliche Produkte","Yoghurt and similar products"
"CP01147","Desserts und Getränke auf Milchbasis","Milk-based dessert and beverages"
"CP01148","Eier","Eggs"
"CP01149","Sonstige Milchprodukte","Other dairy products"
"CP0115","Öle und Fette","Oils and fats"
"CP01151","Pflanzenöle","Vegetable oils"
"CP011513","Olivenöl","Olive oil"
"CP01152","Butter und andere aus Milch gewonnene Öle und Fette","Butter and other oils and fats derived from milk"
"CP01153","Margarine und ähnliche Zubereitungen","Margarine and similar preparations"
"CP01159","Sonstige tierische Öle und Fette","Other animal oils and fats"
"CP0116","Obst und Nüsse","Fruits and nuts"
"CP01161","Datteln, Feigen und tropische Früchte, frisch","Dates, figs and tropical fruits, fresh"
"CP01162","Zitrusfrüchte, frisch","Citrus fruits, fresh"
"CP01163","Steinobst und Kernobst, frisch","Stone fruits and pome fruits, fresh"
"CP01164","Beeren, frisch","Berries, fresh"
"CP01165","Sonstige Früchte, frisch","Other fruits, fresh"
"CP01166","Früchte, gefroren","Fruits, frozen"
"CP01167","Früchte, getrocknet und dehydriert","Fruits, dried and dehydrated"
"CP01168","Nüsse, in der Schale oder ohne Schale","Nuts, in shell or shelled"
"CP01169","Früchte und Nüsse, gemahlen und in anderen Zubereitungen","Fruits and nuts, ground, and in other preparations"
"CP0117","Gemüse, Knollen, Kochbananen und Hülsenfrüchte","Vegetables, tubers, plantains, cooking bananas and pulses"
"CP01171","Blattgemüse oder Stängelgemüse, frisch oder gekühlt","Leafy or stem vegetables, fresh or chilled"
"CP01172","Obsttragendes Gemüse, frisch oder gekühlt","Fruit-bearing vegetables, fresh or chilled"
"CP01173","Hülsenfrüchte, frisch oder gekühlt","Green leguminous vegetables, fresh or chilled"
"CP01174","Anderes Gemüse, frisch oder gekühlt","Other vegetables, fresh or chilled"
"CP01175","Knollen, Mehlbananen und Kochbananen, frisch oder gekühlt","Tubers, plantains and cooking bananas, fresh or chilled"
"CP011751","Kartoffeln","Potatoes"
"CP01176","Hülsenfrüchte","Pulses"
"CP01177","Sonstiges Gemüse, Knollen, Mehlbananen und Kochbananen, getrocknet und dehydriert","Other vegetables, tubers, plantains and cooking bananas, dried and dehydrated"
"CP01178","Gemüse, Knollen, Mehlbananen und Kochbananen, gefroren","Vegetables, tubers, plantains and cooking bananas, frozen"
"CP01179","Gemüse, Knollen, Mehlbananen, Kochbananen and Hülsenfrüchte, gemahlen und in anderen Zubereitungen","Vegetables, tubers, plantains, cooking bananas and pulses, ground, and in other preparations"
"CP0118","Zucker, Süßwaren und Desserts","Sugar, confectionery and desserts"
"CP01181","Rohr- und Rübenzucker","Cane sugar and beet sugar"
"CP01182","Sonstige Zucker und Zuckeraustauschstoffe","Other sugars and sugar substitutes"
"CP01183","Konfitüren, Marmeladen, Fruchtgelees, Fruchtmuse und -pasten und Honig","Jams, marmalades, fruit jellies, purées and pastes, and honey"
"CP01184","Nusspüree, Nussbutter und Nusspasten","Nut purées, nut butters and nut pastes"
"CP01185","Lebensmittel auf Schokoladen-, Kakao- und Kakaobasis","Chocolate, cocoa and cocoa-based food products"
"CP01186","Eis, Speiseeis und Sorbets","Ice, ice cream and sorbets"
"CP01189","Sonstige Zuckerwaren und Desserts, a.n.g.","Other sugar confectionery and desserts n.e.c."
"CP0119","Fertiggerichte und andere Lebensmittel","Ready-made food and other food products"
"CP01191","Fertiggerichte","Ready-made food"
"CP01192","Babynahrung","Baby food"
"CP01193","Salz, Gewürze und Saucen","Salt, condiments and sauces"
"CP01194","Gewürze, Küchenkräuter und Samen","Spices, culinary herbs and seeds"
"CP01199","Sonstige Nahrungsmittel, a.n.g.","Other food products n.e.c."
"CP012","Alkoholfreie Getränke","Non-alcoholic beverages"
"CP0121","Obst- und Gemüsesäfte","Fruit and vegetable juices"
"CP01210","Obst- und Gemüsesäfte","Fruit and vegetable juices"
"CP0122","Kaffee und Kaffee-Ersätze","Coffee and coffee substitutes"
"CP01220","Kaffee und Kaffee-Ersätze","Coffee and coffee substitutes"
"CP0123","Tee, Mate und andere pflanzliche Infusionsprodukte","Tea, maté and other plant-derived products for infusion"
"CP01230","Tee, Mate und andere pflanzliche Infusionsprodukte","Tea, maté and other plant-derived products for infusion"
"CP0124","Kakaogetränke","Cocoa drinks"
"CP01240","Kakaogetränke","Cocoa drinks"
"CP0125","Wasser","Water"
"CP01250","Wasser","Water"
"CP0126","Erfrischungsgetränke","Soft drinks"
"CP01260","Erfrischungsgetränke","Soft drinks"
"CP0129","Sonstige alkoholfreie Getränke","Other non-alcoholic beverages"
"CP01290","Sonstige alkoholfreie Getränke","Other non-alcoholic beverages"
"CP013","Dienstleistungen zur Verarbeitung von Primärgütern für Lebensmittel und alkoholfreie Getränke","Services for processing primary goods for food and non-alcoholic beverages"
"CP0130","Dienstleistungen zur Verarbeitung von Primärgütern für Lebensmittel und alkoholfreie Getränke","Services for processing primary goods for food and non-alcoholic beverages"
"CP01300","Dienstleistungen zur Verarbeitung von Primärgütern für Lebensmittel und alkoholfreie Getränke","Services for processing primary goods for food and non-alcoholic beverages"
"CP02","Alkoholische Getränke, Tabak und Narkotikum","Alcoholic beverages, tobacco and narcotics"
"CP021","Alkoholische Getränke","Alcoholic beverages"
"CP0211","Branntwein und Liköre","Spirits and liquors"
"CP02110","Branntwein und Liköre","Spirits and liquors"
"CP0212","Wein","Wine"
"CP02121","Wein aus Trauben","Wine from grapes"
"CP02122","Wein aus anderen Quellen","Wine from other sources"
"CP0213","Bier","Beer"
"CP02130","Bier","Beer"
"CP0219","Anderes alkoholische Getränke","Other alcoholic beverages"
"CP02190","Anderes alkoholische Getränke","Other alcoholic beverages"
"CP022","Dienstleistungen zur Herstellung von Alkohol","Alcohol production services"
"CP0220","Dienstleistungen zur Herstellung von Alkohol","Alcohol production services"
"CP02200","Dienstleistungen zur Herstellung von Alkohol","Alcohol production services"
"CP023","Tabak","Tobacco"
"CP0230","Tabak","Tobacco"
"CP02301","Zigaretten","Cigarettes"
"CP02302","Zigarren","Cigars"
"CP02309","Sonstige Tabakwaren","Other tobacco products"
"CP03","Bekleidung und Schuhe","Clothing and footwear"
"CP031","Bekleidung","Clothing"
"CP0311","Bekleidungsstoffe","Clothing materials"
"CP03110","Bekleidungsstoffe","Clothing materials"
"CP0312","Bekleidungsartikel","Garments"
"CP03121","Bekleidungsartikel für Herren oder Jungen","Garments for men or boys"
"CP03122","Bekleidungsartikel für Damen oder Mädchen","Garments for women or girls"
"CP03123","Bekleidungsartikel für Kleinkinder (unter 2 Jahren)","Garments for infants (under 2 years of age)"
"CP03124","Schuluniformen","School uniforms"
"CP0313","Sonstige Bekleidungsartikel und -zubehör","Other articles of clothing and clothing accessories"
"CP03131","Sonstige Bekleidungsartikel","Other articles of clothing"
"CP03132","Sonstiges Bekleidungszubehör","Clothing accessories"
"CP0314","Reinigung, Reparatur, Schneiderei und Miete von Kleidung","Cleaning, repair, tailoring and hire of clothing"
"CP03141","Kleiderreinigung","Cleaning of clothing"
"CP03142","Reparatur, Schneiderei und Miete von Kleidung","Repair, tailoring and hire of clothing"
"CP032","Schuhe","Footwear"
"CP0321","Schuhe und anderes Schuhwerk","Shoes and other footwear"
"CP03211","Herrenschuhe","Footwear for men"
"CP03212","Damenschuhe","Footwear for women"
"CP03213","Schuhwerk für Kleinkinder und Kinder","Footwear for infants and children"
"CP0322","Trockenreinigung, Reparatur und Miete von Schuhe","Cleaning, repair and hire of footwear"
"CP03220","Trockenreinigung, Reparatur und Miete von Schuhe","Cleaning, repair and hire of footwear"
"CP04","Wohnung, Wasser, Elektrizität, Gas und andere Brennstoffe","Housing, water, electricity, gas and other fuels"
"CP041","Tatsächliche Mietzahlungen für Wohnungen","Actual rental payments made for housing"
"CP0411","Tatsächliche Mietzahlungen der Mieter für den Hauptwohnsitz","Actual rental payments made by tenants for main residence"
"CP04110","Tatsächliche Mietzahlungen der Mieter für den Hauptwohnsitz","Actual rental payments made by tenants for main residence"
"CP0412","Sonstige tatsächliche Mietzahlungen","Other actual rental payments"
"CP04121","Tatsächliche Mietzahlungen der Mieter für Zweitwohnungen","Actual rental payments made by tenants for secondary residences"
"CP04122","Mietzahlungen für Garagen und sonstige Mietzahlungen von Mietern","Garage rental payments and other rental payments made by tenants"
"CP043","Instandhaltung, Reparatur und Sicherheit der Wohnung","Maintenance, repair and security of the dwelling"
"CP0431","Sicherheitsausrüstung und -material für die Instandhaltung und Reparatur von Wohnungen","Security equipment and materials for dwelling maintenance and repair"
"CP04311","Erzeugnisse für die reguläre Instandhaltung und Reparatur der Wohnung","Materials for the maintenance and repair of the dwelling"
"CP04312","Sicherheit Ausrüstung","Security equipment"
"CP0432","Dienstleistungen für die reguläre Instandhaltung, Reparatur und Sicherheit der Wohnung","Services for the maintenance, repair and security of the dwelling"
"CP04320","Dienstleistungen für die reguläre Instandhaltung, Reparatur und Sicherheit der Wohnung","Services for the maintenance, repair and security of the dwelling"
"CP044","Wasserversorgung und sonstige Dienstleistungen im Zusammenhang mit der Wohnung","Water supply and miscellaneous services relating to the dwelling"
"CP0441","Wasserversorgung","Water supply"
"CP04411","Wasserversorgung durch Netzsysteme","Water supply delivered through network systems"
"CP04412","Wasserversorgung durch andere Systeme","Water supply delivered through other systems"
"CP0442","Müllabfuhr","Refuse collection"
"CP04420","Müllabfuhr","Refuse collection"
"CP0443","Abwasserbeseitigung","Sewage collection"
"CP04431","Abwasserbeseitigung durch Kanalisationssysteme","Sewage collection through sewer systems"
"CP04432","Abwasserbeseitigung durch bauseitige Sanitärsysteme","Sewage collection through on-site sanitation systems"
"CP0444","Sonstige Dienstleistungen im Zusammenhang mit der Wohnung","Other services related to the dwelling"
"CP04441","Nebenkosten in mehrfach-genutzten Gebäuden","Charges for maintenance of multi-occupied buildings"
"CP04449","Sonstige Dienstleistungen im Zusammenhang mit der Wohnung, a.n.g.","Other services related to the dwelling n.e.c."
"CP045","Elektrizität, Gas und andere Brennstoffe","Electricity, gas and other fuels"
"CP0451","Elektrizität","Electricity"
"CP04510","Elektrizität","Electricity"
"CP0452","Gas","Gas"
"CP04521","Erdgas durch Netze","Natural gas through networks"
"CP04522","Flüssige Kohlenwasserstoffe","Liquefied hydrocarbons"
"CP0453","Flüssige Brennstoffe","Liquid fuels"
"CP04530","Flüssige Brennstoffe","Liquid fuels"
"CP0454","Feste Brennstoffe","Solid fuels"
"CP04541","Kohle, Kohlebriketts, Torf- und Torfbriketts","Coal, coal briquettes, peat and peat briquettes"
"CP04542","Brennstoff aus Holz, einschließlich Pellets und Briketts","Wood fuel, including pellets and briquettes"
"CP04543","Holzkohle","Charcoal"
"CP04549","Sonstige feste Brennstoffe","Other solid fuels"
"CP0455","Sonstige Energie zum Heizen und Kühlen","Other energy for heating and cooling"
"CP04550","Sonstige Energie zum Heizen und Kühlen","Other energy for heating and cooling"
"CP05","Hausrat und laufende Instandhaltung des Hauses","Furnishings, household equipment and routine household maintenance"
"CP051","Möbel, Mobiliar und Teppiche","Furniture, furnishings, and loose carpets"
"CP0511","Möbel, Mobiliar und Teppiche","Furniture, furnishings and loose carpets"
"CP05111","Wohnmöbel","Household furniture"
"CP05112","Garten- und Campingmöbel","Garden and camping furniture"
"CP05113","Beleuchtungskörper","Lighting equipment"
"CP05114","Möbel, Teppiche und Vorleger","Furnishings, loose carpets and rugs"
"CP0512","Reparatur, Montage und Vermietung von Möbeln, Mobiliar und Teppiche","Repair, installation and hire of furniture, furnishings and loose carpets"
"CP05120","Reparatur, Montage und Vermietung von Möbeln, Mobiliar und Teppiche","Repair, installation and hire of furniture, furnishings and loose carpets"
"CP052","Heimtextilien","Household textiles"
"CP0521","Heimtextilien","Household textiles"
"CP05211","Möbelstoffe und Gardinen","Furnishing fabrics and curtains"
"CP05212","Federbettdecke und Bettwäsche","Bed linen and bedding"
"CP05213","Tischwäsche und Handtücher","Table linen and bathroom linen"
"CP05219","Sonstige Heimtextilien","Other household textiles"
"CP0522","Reparatur-, Miet- und Nähdienstleistungen an Haushaltstextilien","Repair, hire and sewing services of household textiles"
"CP05220","Reparatur-, Miet- und Nähdienstleistungen an Haushaltstextilien","Repair, hire and sewing services of household textiles"
"CP053","Haushaltsgeräte","Household appliances"
"CP0531","Elektrische und andere Haushaltsgeräte","Major electric and other household appliances"
"CP05311","Größere Küchengeräte","Major kitchen appliances"
"CP05312","Wichtige Wäschereigeräte","Major laundry appliances"
"CP05313","Heizgeräte und Klimaanlagen","Heaters and air conditioners"
"CP05314","Reinigungsgeräte","Cleaning equipment"
"CP05319","Sonstige Haushalts-Großgeräte","Other major household appliances"
"CP0532","Haushaltskleingeräte","Small household appliances"
"CP05321","Kleingeräte zum Kochen und Verarbeiten von Lebensmitteln","Small appliances for the cooking and processing of food"
"CP05322","Kleingeräte für die Zubereitung von Getränken","Small appliances for the preparation of beverages"
"CP05329","Sonstige Haushaltskleingeräte","Other small household appliances"
"CP0533","Reparatur, Installation und Vermietung von Haushaltsgeräten","Repair, installation and hire of household appliances"
"CP05330","Reparatur, Installation und Vermietung von Haushaltsgeräten","Repair, installation and hire of household appliances"
"CP054","Glaswaren, Geschirr und andere Gebrauchsgüter für die Haushaltsführung","Glassware, tableware and household utensils"
"CP0540","Glaswaren, Geschirr und andere Gebrauchsgüter für die Haushaltsführung","Glassware, tableware and household utensils"
"CP05401","Glas- und Kristallwaren, Geschirr und Porzellan","Glassware, crystal ware, ceramic ware and china ware"
"CP05402","Schneidwaren, Bestecke und Silberwaren","Cutlery, flatware and silverware"
"CP05403","Küchengeräte und sonstige Haushaltsartikel","Kitchen utensils and articles"
"CP05404","Reparatur und Vermietung von Glaswaren, Geschirr und Haushaltsgeräten","Repair and hire of glassware, tableware and household utensils"
"CP055","Werkzeuge und andere Gebrauchsgüter für Haus und Garten","Tools and equipment for house and garden"
"CP0551","Motorisierte Werkzeuge und Ausrüstungen","Motorized tools and equipment"
"CP05510","Motorisierte Werkzeuge und Ausrüstungen","Motorized tools and equipment"
"CP0552","Nicht-motorisierte Werkzeuge und sonstiges Zubehör","Non-motorized tools and miscellaneous accessories"
"CP05521","Nicht-motorisierte Werkzeuge","Non-motorized tools"
"CP05522","Sonstiges Zubehör","Miscellaneous accessories"
"CP0553","Reparatur und Miete von motorisierten und nicht motorisierten Werkzeugen und Ausrüstungen","Repair and hire of motorized and non-motorized tools and equipment"
"CP05530","Reparatur und Miete von motorisierten und nicht motorisierten Werkzeugen und Ausrüstungen","Repair and hire of motorized and non-motorized tools and equipment"
"CP056","Waren und Dienstleistungen für die laufende Haushaltsführung","Goods and services for routine household maintenance"
"CP0561","Kurzlebige Haushaltswaren","Non-durable household goods"
"CP05611","Reinigungs- und Pflegemittel für den Haushalt","Household cleaning and maintenance products"
"CP05619","Anderes Kurzlebige Haushaltswaren","Other non-durable household goods"
"CP0562","""Leistungen von Hauspersonal, Fensterputzern, Desinfektoren und Kammerjägern; Miete von Hausrat""","Domestic services and household services"
"CP05621","Häusliche Dienstleistungen von Angestellten","Domestic services provided by paid staff"
"CP05629","Sonstige Dienstleistungen der Haushaltsführung","Other household services"
"CP06","Gesundheit","Health"
"CP061","Arzneimittel und Gesundheitsprodukte","Medicines and health products"
"CP0611","Arzneimittel","Medicines"
"CP06111","Arzneimittel, Impfstoffe und andere pharmazeutische Zubereitungen","Medicines, vaccines and other pharmaceutical preparations"
"CP06112","Pflanzliche Arzneimittel und homöopathische Produkte","Herbal medicines and homeopathic products"
"CP0612","Medizinische Erzeugnisse","Medical products"
"CP06121","Medizinische diagnostische Produkte","Medical diagnostic products"
"CP06122","Präventiv- und Schutzeinrichtungen","Preventive and protective devices"
"CP06123","Behandlungsgeräte für den persönlichen Gebrauch","Treatment devices for personal use"
"CP0613","Hilfsmittel","Assistive products"
"CP06131","Hilfsmittel für das Sehvermögen","Assistive products for vision"
"CP06132","Hilfsmittel für Hör- und Kommunikationstechnik","Assistive products for hearing and communication"
"CP06133","Hilfsmittel für Mobilität und Alltag","Assistive products for mobility and daily living"
"CP0614","Reparatur, Vermietung und Wartung von medizinischen und Hilfsmitteln","Repair, rental and maintenance of medical and assistive products"
"CP06140","Reparatur, Vermietung und Wartung von medizinischen und Hilfsmitteln","Repair, rental and maintenance of medical and assistive products"
"CP062","Ambulante Pflegedienste","Outpatient care services"
"CP0621","Präventive Pflege","Preventive care services"
"CP06211","Immunisierungsdienste","Immunization services"
"CP06219","Sonstige Vorsorgeleistungen","Other preventive care services"
"CP0622","Ambulante zahnärztliche Dienstleistungen","Outpatient dental services"
"CP06221","Zahnmedizinische Vorsorgedienste","Dental preventive services"
"CP06229","Sonstige ambulante zahnärztliche Dienstleistungen","Other outpatient dental services"
"CP0623","Sonstige ambulante Pflegedienste","Other outpatient care services"
"CP06231","Ambulante Heil- und Rehabilitationsleistungen","Outpatient curative and rehabilitative services"
"CP06232","Ambulante Langzeitpflege","Outpatient long-term care services"
"CP063","Stationäre Pflegedienste","Inpatient care services"
"CP0631","Stationäre Heil- und Rehabilitationsdienste","Inpatient curative and rehabilitative services"
"CP06310","Stationäre Heil- und Rehabilitationsdienste","Inpatient curative and rehabilitative services"
"CP0632","Stationäre Langzeitpflegedienste","Inpatient long-term care services"
"CP06320","Stationäre Langzeitpflegedienste","Inpatient long-term care services"
"CP064","Sonstige Gesundheitsdienstleistungen","Other health services"
"CP0641","Dienstleistungen der diagnostischen Bildgebung und Dienstleistungen medizinischer Laboratorien","Diagnostic imaging services and medical laboratory services"
"CP06410","Dienstleistungen der diagnostischen Bildgebung und Dienstleistungen medizinischer Laboratorien","Diagnostic imaging services and medical laboratory services"
"CP0642","Notfalltransporte für Patienten und Rettungsdienste für Notfälle","Patient emergency transportation and emergency rescue services"
"CP06420","Notfalltransporte für Patienten und Rettungsdienste für Notfälle","Patient emergency transportation and emergency rescue services"
"CP07","Verkehr","Transport"
"CP071","Kauf von Fahrzeugen","Purchase of vehicles"
"CP0711","Neue und gebrauchte Kraftfahrzeuge","Motor cars"
"CP07111","Neue Kraftfahrzeuge","New motor cars"
"CP07112","Gebrauchte Kraftfahrzeuge","Second-hand motor cars"
"CP0712","Krafträder","Motorcycles"
"CP07120","Krafträder","Motorcycles"
"CP0713","Fahrräder","Bicycles"
"CP07130","Fahrräder","Bicycles"
"CP0714","Gespannfahrzeuge","Animal-drawn vehicles"
"CP07140","Gespannfahrzeuge","Animal-drawn vehicles"
"CP072","Betrieb von privaten Verkehrsmitteln","Operation of personal transport equipment"
"CP0721","Teile und Zubehör für private Verkehrsmittel","Parts and accessories for personal transport equipment"
"CP07211","Reifen","Tyres"
"CP07212","Teile für private Verkehrsmittel","Parts for personal transport equipment"
"CP07213","Zubehör für private Verkehrsmittel","Accessories for personal transport equipment"
"CP0722","Kraft- und Schmierstoffe","Fuels and lubricants for personal transport equipment"
"CP07221","Diesel","Diesel"
"CP07222","Benzin","Petrol"
"CP07223","Sonstige Kraftstoffe für private Verkehrsmittel","Other fuels for personal transport equipment"
"CP07224","Schmierstoffe","Lubricants"
"CP0723","Instandhaltung und Reparatur","Maintenance and repair of personal transport equipment"
"CP07230","Instandhaltung und Reparatur","Maintenance and repair of personal transport equipment"
"CP0724","Sonstige Dienstleistungen an privaten Verkehrsmittel","Other services related to personal transport equipment"
"CP07241","Parkdienstleistungen","Parking services"
"CP07242","Mauteinrichtungen","Toll facilities"
"CP07243","Fahrstunden, Prüfungen, Lizenzen und Verkehrstauglichkeitstests","Driving lessons, tests, licences and roadworthiness tests"
"CP07244","Miete von Fahrzeugen ohne Fahrer","Hire of personal transport equipment without driver"
"CP073","Personenverkehrsdienste","Passenger transport services"
"CP0731","Schienenpersonenverkehr","Passenger transport by railway"
"CP07311","Eisenbahn-Personenverkehr","Passenger transport by train"
"CP07312","Personenbeförderung im Schnellverkehr und in der Straßenbahn","Passenger transport by rapid transit and tram"
"CP0732","Straßenpersonenverkehr","Passenger transport by road"
"CP07321","Personenverkehr mit Bussen und Omnibussen","Passenger transport by bus and coach"
"CP07322","Personenverkehr mit Taxi und Mietfahrzeug mit Fahrer","Passenger transport by taxi and hired vehicle with driver"
"CP07323","Personenverkehr von Schülern zu und von der Schule","Passenger transport for students to and from school"
"CP07329","Sonstige Personenverkehr auf der Straße","Other passenger transport by road"
"CP0733","Luftpersonenverkehr","Passenger transport by air"
"CP07331","Luftpersonenverkehr, Inland","Passenger transport by air, domestic"
"CP07332","Luftpersonenverkehr, international","Passenger transport by air, international"
"CP0734","Personenverkehr in See- und Binnenschiffahrt","Passenger transport by sea and inland waterway"
"CP07340","Personenverkehr in See- und Binnenschiffahrt","Passenger transport by sea and inland waterway"
"CP0735","Kombinierter Personenverkehr","Combined passenger transport"
"CP07350","Kombinierter Personenverkehr","Combined passenger transport"
"CP0736","Sonstige Personenverkehrsdienste","Other passenger transport services"
"CP07360","Sonstige Personenverkehrsdienste","Other passenger transport services"
"CP074","Transportdienstleistungen für Waren","Transport services for goods"
"CP0741","Post- und Kurierdienste","Postal and courier services"
"CP07411","Dienstleistungen der Briefhandhabung","Letter handling services"
"CP07412","Kurier- und Paketzustelldienste","Courier and parcel delivery services"
"CP0749","Sonstige Warentransport","Other transport of goods"
"CP07491","Dienstleistungen für Umzug und Lagerung","Removal and storage services"
"CP07492","Lieferung von Waren","Delivery of goods"
"CP08","Information und Kommunikation","Information and communication"
"CP081","Informations- und Kommunikationsausrüstung","Information and communication equipment"
"CP0811","Kabeltelefonapparate","Fixed telephone equipment"
"CP08110","Kabeltelefonapparate","Fixed telephone equipment"
"CP0812","Mobiltelefonapparate","Mobile telephone equipment"
"CP08120","Mobiltelefonapparate","Mobile telephone equipment"
"CP0813","Informationsverarbeitungsgeräte","Information processing equipment"
"CP08131","Computer, Laptop und Tablets","Computers, laptops and tablets"
"CP08132","Peripheriegeräte und deren Verbrauchsmaterialien","Peripheral equipment and its consumable components"
"CP0814","Empfangs-, Aufzeichnungs- und Wiedergabegeräte für Ton und Bild","Equipment for the reception, recording and reproduction of sound and vision"
"CP08140","Empfangs-, Aufzeichnungs- und Wiedergabegeräte für Ton und Bild","Equipment for the reception, recording and reproduction of sound and vision"
"CP0815","Leere Aufzeichnungsmedien","Unrecorded recording media"
"CP08150","Leere Aufzeichnungsmedien","Unrecorded recording media"
"CP0819","Sonstige Informations- und Kommunikationsausrüstung und -zubehör","Other information and communication equipment and accessories"
"CP08191","Sonstige Informations- und Kommunikationseinrichtungen","Other information and communication equipment"
"CP08192","Sonstiges Informations- und Kommunikationszubehör","Other information and communication accessories"
"CP082","Software, ohne Spiele","Software, excluding games"
"CP0820","Software, ohne Spiele","Software, excluding games"
"CP08200","Software, ohne Spiele","Software, excluding games"
"CP083","Informations- und Kommunikationsdienste","Information and communication services"
"CP0831","Feste Kommunikationsdienste","Fixed communication services"
"CP08310","Feste Kommunikationsdienste","Fixed communication services"
"CP0832","Mobile Kommunikationsdienste","Mobile communication services"
"CP08320","Mobile Kommunikationsdienste","Mobile communication services"
"CP0833","Bereitstellung des Internetzugangs und Online-Dienstleistungen für Lagerung","Internet access provision services and online storage services"
"CP08330","Bereitstellung des Internetzugangs und Online-Dienstleistungen für Lagerung","Internet access provision services and online storage services"
"CP0834","Gebündelte Telekommunikationsdienstleistungen","Bundled telecommunication services"
"CP08340","Gebündelte Telekommunikationsdienstleistungen","Bundled telecommunication services"
"CP0835","Reparatur und Anmietung von Informations- und Kommunikationsgeräten","Repair and rental of information and communication equipment"
"CP08350","Reparatur und Anmietung von Informations- und Kommunikationsgeräten","Repair and rental of information and communication equipment"
"CP0839","Sonstige Informations- und Kommunikationsdienste","Other information and communication services"
"CP08391","Fernseh- und Rundfunklizenzen und -gebühren","Television and radio licences and fees"
"CP08392","Abonnements für audiovisuelle Streamingdienste und Vermietung audiovisueller Inhalte","Subscriptions to audiovisual streaming services and rental of audiovisual content"
"CP08399","Sonstige Informations- und Kommunikationsdienstleistungen, a.n.g.","Other information and communication services n.e.c."
"CP09","Freizeit, Sport und Kultur","Recreation, sport and culture"
"CP091","Freizeitgebrauchsgüter","Recreational durables"
"CP0911","Foto-, Kino- und optische Geräte","Photographic and cinematographic equipment and optical instruments"
"CP09111","Fotokameras","Cameras"
"CP09112","Zubehör fur fotografische und kinematografische Geräte","Accessories for photographic and cinematographic equipment"
"CP09113","Optische Instrumente","Optical instruments"
"CP0912","Wesentliche Freizeitgebrauchsgüter","Major recreational durables"
"CP09121","Wohnmobile, Wohnwagen und Anhänger","Camper vans, caravans and trailers"
"CP09122","Flugzeuge, Ultraleichtflugzeuge, Segelflugzeuge, Hängegleiter und Heißluftballons","Aeroplanes, microlight aircraft, gliders, hang gliders and hot-air balloons"
"CP09123","Boote, Yachten, Außenbordmotoren und andere Wassersportausrüstung","Boats, yachts, outboard motors and other water-sport equipment"
"CP09124","Pferde, Ponys, Kamele, Dromedaren und Zubehör","Horses, ponies, camels and dromedaries and accessories"
"CP09129","Andere wesentliche Freizeitgebrauchsgüter","Other major recreational durables"
"CP092","Andere Freizeitartikel","Other recreational goods"
"CP0921","Spiele, Spielzeug und Hobby-Artikel","Games, toys and hobby-related articles"
"CP09211","Computer, Konsolen, Spieleanwendungen und Software für Videospiele","Video game computers, consoles, game applications and software"
"CP09212","Sonstige Spiele, Spielzeug und Hobby-Artikel","Other games, toys and hobby-related articles"
"CP09213","Festartikel","Celebration articles"
"CP0922","Ausrüstungen für Sport, Camping und Erholung im Freien","Sporting, camping and open-air recreation equipment"
"CP09221","Ausrüstungen für Sport","Sporting equipment"
"CP09222","Ausrüstungen für Camping und Erholung im Freien","Camping and open-air recreation equipment"
"CP093","Gartenartikel und Heimtieren","Garden products and pets"
"CP0931","Pflanzen","Garden products, plants and flowers"
"CP09311","Gartenartikel","Garden products"
"CP09312","Pflanzen, Samen und Blumen","Plants, seeds and flowers"
"CP0932","Heimtiere und Heimtierartikel","Pets and pet products"
"CP09321","Heimtieren","Pets"
"CP09322","Artikel für Heimtiere und anderen Haustieren","Products for pets and other household animals"
"CP094","Freizeitdienstleistungen","Recreational services"
"CP0941","Miete und Reparatur von Foto-, Kino- und optische Geräte","Hire and repair of photographic and cinematographic equipment and optical instruments"
"CP09410","Miete und Reparatur von Foto-, Kino- und optische Geräte","Hire and repair of photographic and cinematographic equipment and optical instruments"
"CP0942","Miete, Instandhaltung und Reparatur von wichtigen langlebigen Freizeitgütern","Hire, maintenance and repair of major recreational durables"
"CP09421","Miete, Instandhaltung und Reparatur von Wohnmobile und Wohnwagen","Hire, maintenance and repair of camper vans and caravans"
"CP09422","Miete, Instandhaltung und Reparatur anderer wichtiger dauerhafter Erholungsgüter","Hire, maintenance and repair of other major recreational durables"
"CP0943","Vermietung und Reparatur von Spielwaren, Spielzeug und Hobby-Artikeln","Hire and repair of games, toys and hobby-related articles"
"CP09431","Vermietung von Spielsoftware und Abonnement von Online-Spielen","Hire of game software and subscription to online games"
"CP09432","Vermietung und Reparatur von anderen Spielwaren, Spielzeug und Hobby-Artikeln","Hire and repair of other games, toys and hobby-related articles"
"CP0944","Miete und Reparatur von Ausrüstungen für Camping und Erholung im Freien","Hire and repair of sporting, camping and open-air recreational equipment"
"CP09440","Miete und Reparatur von Ausrüstungen für Camping und Erholung im Freien","Hire and repair of sporting, camping and open-air recreational equipment"
"CP0945","Veterinär und andere Dienstleistungen für Heimtiere","Veterinary and other services for pets"
"CP09450","Veterinär und andere Dienstleistungen für Heimtiere","Veterinary and other services for pets"
"CP0946","Freizeit- und Sportdienstleistungen","Recreational and sporting services"
"CP09461","Freizeit- und Erholungsdienstleistungen","Recreational and leisure services"
"CP09462","Dienstleistungen im Zusammenhang mit der Ausübung von Sport","Services associated with the practice of sports"
"CP09463","Dienstleistungen im Zusammenhang mit der Teilnahme an Sportveranstaltungen","Services associated with attendance at sporting events"
"CP0947","Glücksspiel","Games of chance"
"CP09470","Glücksspiel","Games of chance"
"CP095","Kulturgüter","Cultural goods"
"CP0951","Musikinstrumente","Musical instruments"
"CP09510","Musikinstrumente","Musical instruments"
"CP0952","Audiovisuelle Medien","Audiovisual media"
"CP09520","Audiovisuelle Medien","Audiovisual media"
"CP096","Kulturdienstleistungen","Cultural services"
"CP0961","Dienstleistungen von Kinos, Theatern und Konzerthäusern","Services provided by cinemas, theatres and concert venues"
"CP09610","Dienstleistungen von Kinos, Theatern und Konzerthäusern","Services provided by cinemas, theatres and concert venues"
"CP0962","Dienstleistungen von Museen, Bibliotheken und Kulturstätten","Services provided by museums, libraries and cultural sites"
"CP09620","Dienstleistungen von Museen, Bibliotheken und Kulturstätten","Services provided by museums, libraries and cultural sites"
"CP0963","Fotografische Dienstleistungen","Photographic services"
"CP09630","Fotografische Dienstleistungen","Photographic services"
"CP0969","Sonstige Kulturdienstleistungen","Other cultural services"
"CP09690","Sonstige Kulturdienstleistungen","Other cultural services"
"CP097","Zeitungen, Bücher und Schreibwaren","Newspapers, books and stationery"
"CP0971","Bücher","Books"
"CP09711","Pädagogische Bücher und Lehrbücher","Educational books and textbooks"
"CP09719","Sonstige Bücher","Other books"
"CP0972","Zeitungen und Zeitschriften","Newspapers and periodicals"
"CP09721","Zeitungen","Newspapers"
"CP09722","Magazine und Zeitschriften","Magazines and periodicals"
"CP0973","Sonstige Druckerzeugnisse","Miscellaneous printed matter"
"CP09730","Sonstige Druckerzeugnisse","Miscellaneous printed matter"
"CP0974","Schreibwaren und Zeichenmaterial","Stationery and drawing materials"
"CP09740","Schreibwaren und Zeichenmaterial","Stationery and drawing materials"
"CP098","Pauschalreisen","Package holidays"
"CP0980","Pauschalreisen","Package holidays"
"CP09800","Pauschalreisen","Package holidays"
"CP10","Bildungsdienste","Education services"
"CP101","Elementarbereich und Vorbildung","Early childhood and primary education"
"CP1010","Elementarbereich und Vorbildung","Early childhood and primary education"
"CP10101","Elementarbereich","Early childhood education"
"CP10102","Vorbildung","Primary education"
"CP102","Schulbildung Sekundarstufe","Secondary education"
"CP1020","Schulbildung Sekundarstufe","Secondary education"
"CP10200","Schulbildung Sekundarstufe","Secondary education"
"CP103","Post-sekundäre, nicht tertiäre Schulbildung","Post-secondary non-tertiary education"
"CP1030","Post-sekundäre, nicht tertiäre Schulbildung","Post-secondary non-tertiary education"
"CP10300","Post-sekundäre, nicht tertiäre Schulbildung","Post-secondary non-tertiary education"
"CP104","Tertiäre Schulbildung","Tertiary education"
"CP1040","Tertiäre Schulbildung","Tertiary education"
"CP10400","Tertiäre Schulbildung","Tertiary education"
"CP105","Nicht einstufbare Bildung","Education not defined by level"
"CP1050","Nicht einstufbare Bildung","Education not defined by level"
"CP10501","Nachhilfe","Tutoring"
"CP10509","Sonstige nicht einstufbare Bildung","Other education not defined by level"
"CP11","Restaurants und Beherbergungsleistungen","Restaurants and accommodation services"
"CP111","Service für Speisen und Getränke","Food and beverage serving services"
"CP1111","Restaurants, Cafés und dergleichen","Restaurants, cafés and the like"
"CP11111","Restaurants, Cafés und dergleichen - mit Full-Service","Restaurants, cafés and the like – with full service"
"CP11112","Restaurants, Cafés und dergleichen - mit eingeschränktem Service","Restaurants, cafés and the like – with limited service"
"CP1112","Kantinen, Cafeterien und Mensen","Canteens, cafeterias and refectories"
"CP11121","Kantinen und Cafeterien von Universitäten, Schulen und Kindergärten","Canteens and cafeterias of universities, schools and kindergartens"
"CP11129","Sonstige Kantinen, Cafeterien und Mensen","Other canteens, cafeterias and refectories"
"CP112","Beherbergungsleistungen","Accommodation services"
"CP1120","Beherbergungsleistungen","Accommodation services"
"CP11201","Hotels, Motels, Pensionen und ähnliche Beherbergungsstätten","Hotels, motels, inns and similar accommodation services"
"CP11202","Ferienhäuser, Campingplätze, Jugendherbergen und ähnliche Beherbergungsstätten","Holiday centres, camping sites, youth hostels and similar accommodation services"
"CP11203","Beherbergungsleistungen von Internaten, Universitäten und anderen Bildungseinrichtungen","Accommodation services of boarding schools, universities and other educational establishments"
"CP11209","Sonstige Beherbergungsleistungen","Other accommodation services"
"CP12","Versicherungen und Finanzdienstleistungen","Insurance and financial services"
"CP121","Versicherungen","Insurance"
"CP1211","Lebensversicherung und Unfallversicherung","Life and accident insurance"
"CP12110","Lebensversicherung und Unfallversicherung","Life and accident insurance"
"CP1212","Versicherungen im Zusammenhang mit dem Gesundheit","Insurance connected with health"
"CP12120","Versicherungen im Zusammenhang mit dem Gesundheit","Insurance connected with health"
"CP1213","Versicherungen im Zusammenhang mit der Wohnung","Insurance connected with dwellings"
"CP12130","Versicherungen im Zusammenhang mit der Wohnung","Insurance connected with dwellings"
"CP1214","Versicherungen im Zusammenhang mit dem Verkehr","Insurance connected with transport"
"CP12141","Personenbeförderungsversicherung","Personal transport insurance"
"CP12142","Reiseversicherung","Travel insurance"
"CP1219","Sonstige Versicherungen","Other insurance"
"CP12190","Sonstige Versicherungen","Other insurance"
"CP122","Finanzdienstleistungen","Financial services"
"CP1222","Explizite Gebühren von Einlagensicherungsgesellschaften","Explicit charges by deposit-taking corporations"
"CP12220","Explizite Gebühren von Einlagensicherungsgesellschaften","Explicit charges by deposit-taking corporations"
"CP1229","Sonstige Finanzdienstleistungen","Other financial services"
"CP12291","Überweisungsgebühren","Remittances fees"
"CP12299","Sonstige Finanzdienstleistungen, a.n.g.","Other financial services n.e.c."
"CP13","Körperpflege, Sozialschutz und Verschiedene Waren und Dienstleistungen","Personal care, social protection and miscellaneous goods and services"
"CP131","Körperpflege","Personal care"
"CP1311","Elektrische Geräte für die Körperpflege","Electric appliances for personal care"
"CP13111","Kauf von elektrischen Geräten für die Körperpflege","Purchase of electric appliances for personal care"
"CP13112","Reparatur von elektrischen Geräten für die Körperpflege","Repair of electric appliances for personal care"
"CP1312","Sonstige Geräte, Artikel und Erzeugnisse für die Körperpflege","Other appliances, articles and products for personal care"
"CP13120","Sonstige Geräte, Artikel und Erzeugnisse für die Körperpflege","Other appliances, articles and products for personal care"
"CP1313","Firseursalons und Kosmetikstudios","Hairdressing salons and personal grooming establishments"
"CP13131","Friseure","Hairdressing"
"CP13132","Kosmetikbehandlungen","Personal grooming treatments"
"CP132","Sonstige persönliche Gebrauchsgüter","Other personal effects"
"CP1321","Schmuck und Armbanduhren","Jewellery and watches"
"CP13211","Kauf von Schmuck und Armbanduhren","Purchase of jewellery and watches"
"CP13212","Reparatur und Vermietung von Schmuck, Uhren und Armbanduhren","Repair and hire of jewellery, clocks and watches"
"CP1322","Andachtsartikel und Artikel für religiöse und rituelle Feiern","Devotional articles and articles for religious and ritual celebrations"
"CP13220","Andachtsartikel und Artikel für religiöse und rituelle Feiern","Devotional articles and articles for religious and ritual celebrations"
"CP1329","Sonstige persönliche Gebrauchsgüter, n.g.a","Other personal effects n.e.c."
"CP13291","Reiseartikel, Artikel für Babys und sonstige persönliche Gebrauchsgüter, n.g.a","Travel goods, baby articles and other personal effects n.e.c."
"CP13292","Reparatur und Vermietung von sonstige persönliche Gebrauchsgüter","Repair and hire of other personal effects"
"CP133","Sozialschutz","Social protection"
"CP1330","Sozialschutz","Social protection"
"CP13301","Kinderbetreuungsdienste","Childcare services"
"CP13302","Seniorenheime für ältere Menschen und Wohnungen für Behinderte, die keine medizinische Versorgung bieten","Retirement homes for elderly persons and residences for disabled persons, not providing medical care"
"CP13303","Häusliche Pflegedienste für ältere und behinderte Menschen","Home care services for elderly and disabled"
"CP13309","Sonstige Sozialschutzdienste","Other social protection services"
"CP139","Sonstige Dienstleistungen","Other services"
"CP1390","Sonstige Dienstleistungen","Other services"
"CP13902","Religiöse Dienste","Religious services"
"CP13909","Sonstige Dienstleistungen a.n.g.","Other services n.e.c."
